id,uuid
1001,8343c584-61db-4c15-b3df-3a193e977695
1008,a8f41fe4-41ac-4a31-a1ce-3448c29072c0
1012,f8502447-9e3a-4db9-9c42-bbd8249f253f
1020,0e8ae1c0-38de-465c-a9bd-37c720f81b65
1029,3ebefe8b-3e1b-46c1-baa9-ca382b048056
1031,8f74ce35-afa6-471d-9020-bbd8f05e5026
1032,bc2a53c9-f726-412f-8a19-29daffd24ca2
1116,00461c1d-bf95-4bf4-978d-c4186b40c23f
1124,7f953af3-4a75-4ece-8a66-c5f0514b317d
1141,e7be0daa-32e5-45b4-9ec6-c7441fff2ba6
1152,dd239b8c-67c3-409b-9b3f-336df402828a
1155,d6d8267d-61a3-442e-831a-c59ffe38e67a
1182,0c9d6bc3-c442-412b-901c-aa5b41c6b4c1
1193,f6481160-898e-471f-ba7b-452bde818d15
1198,04579613-62b9-4dec-9e06-3f75449e6722
1199,e02d0484-8d23-4283-8f3c-b7f80f6198e2
1206,bae224e8-69f1-4b15-ae1e-68b2ca3a49ac
1208,a94b68ea-cc9b-467d-a589-83ffef5d36c7
1214,334ecfaa-308c-458a-9cb2-f0f61728df8a
1226,c86611ba-78a4-4152-95af-e4637ec69048
1243,9c6a86a7-66ed-4d24-9cbb-aea99502034f
1252,f0deb0a8-54ef-432a-bb53-1e9a63b7f47a
1263,7ad05745-78ef-4ee2-9f14-b85e9e5f434f
1268,fb049393-5d2e-45a0-b4da-c65cfaed608c
1276,dad475ec-cce5-48bf-adbf-a5740ef25c73
1310,f9623c6f-bf84-463c-b382-fbc514afc521
1327,1a55bb5e-2262-4a56-847b-00970ad0b6d5
1353,5fa916fb-f49a-44a2-bb4b-b3d4eed69a22
1362,a083dbf5-ec23-4bb8-a7b9-6d807c691b7a
1364,4af14fb4-e6e3-47f3-a721-ead347d96b60
1373,c51a8789-8fab-49c7-a786-8ef8c5ee4b4f
1379,a67f7719-e0e3-4820-806e-37b9ec209d60
1401,e4180145-9255-4f26-8adf-ac2551b36fc3
1445,e6a3d2c5-fc3a-451a-a73d-22b1145d2f8f
1459,f589ed9e-1dbe-4114-a5a3-e4f71a6fd972
1466,8ce8bcf4-a9b9-4ec5-af29-5813b275fb72
1477,bc523a47-0a9d-4e96-8d54-aeeaddb8a36a
1483,5422c355-e0c6-41a6-8d0a-47905226420f
1496,1716f499-836c-4c51-ad54-dbd22eb9bdf7
1498,a774296c-1b67-4800-8d83-7096dd078ef4
1521,9d4a7948-31bd-425d-b4dd-fab630f53867
1567,14a66f35-8413-4382-a448-09a7ebe728d6
1574,b21ebf04-e4a0-4958-bebe-d1a91401ec9b
1579,11977b6d-a93a-408d-b84d-dc2356e3e952
1585,3820be30-fe21-4d5c-9e14-80fb47cbdaa8
1592,44ebd07f-cb30-4e4b-88f1-18bcc39e5243
1630,8ca4d692-b29d-47b6-83c6-eba2db342762
1661,ec391765-5fe4-4385-9ed3-f403e7f28a40
1689,4c145b22-9b02-48da-ba8b-80d755f6c6be
1695,e9fe858a-91ab-4328-a565-d8966ce06481
1699,a6a5cfb4-8fdb-480d-9c56-b84d51561657
1710,21800327-8a14-41fa-907f-3a9cc17ae8f8
1748,a9fe5b05-5059-4e94-af00-87da0aa1b3ca
1761,8702f7b2-cf1c-4484-9b65-31ad1f7a76df
1770,09d85189-364b-497c-bf94-2cb4dc144bf1
1778,ebe94d0a-a539-4b9a-926b-4c0d3af3a3c4
1789,3940cc3a-4a23-45c6-af2f-c095b4e6e123
1790,b6d5509b-9f46-4fef-a9c4-379d7a8146fe
1809,83064c5e-14e2-462f-80d6-c2d7e734dc53
1816,d3486a51-84b5-4cde-b0c0-62a2e36dcee1
1838,4629742e-0a84-4e3d-9b43-a8503ee5525f
1844,f68afdf3-3ea5-45cd-a473-31af3a8c4440
1857,ff547d10-8a99-4ef1-bc89-74acedf0b6cd
1866,88a092fd-0746-4f4f-ad53-0ba418565ad0
1871,95876e39-fc77-4ed3-a5cc-366564722c29
1874,1a421241-8a81-401b-bae0-a1dbc338b61b
1880,723602b3-3c02-4a9f-ab61-35d7dea428da
1886,04eef908-b33f-44bc-80d5-1cd642280bc9
1893,f88f5b29-324a-4084-8cd3-250b0e5ee619
1911,46db9344-1b77-4ec8-a37b-3a295d6a271a
1931,75cd23df-3cd6-4b39-aa04-2b65d84eb4f3
1936,27b8d8ff-c47b-4231-b3b3-9d661b6cbe45
1946,d9b932ec-7fbc-4445-a873-65609e2dbb7e
1954,a5f218cf-34b4-4126-9bf6-7ef5511cbe2e
1960,41e398bb-b905-43fe-bd72-39ac0adbada2
1963,40d2868c-6a26-469d-82ff-b9614ce4cf48
1977,1ea1352c-2c9b-4d9f-be63-45d4f0e7697e
1979,76908350-f605-4319-a619-93318598a1ea
1991,c647832b-17c0-4f61-97a6-92a3a46cd136
2011,9e34450e-d63a-422b-913c-1c08fa40f16c
2045,2f3306d3-98fb-4ed9-b22f-ec4979e2de66
2048,3f22b176-cb02-4bf7-818b-8d3a37d14cd9
2051,efb32c15-8635-4863-93ac-a7d603789b23
2073,54c6a509-0909-4c4f-91ef-fb736c745822
2075,df66e11e-061f-48f7-b4ae-70d0b1b58896
2083,2ae2ca32-bf58-4ee0-b85a-130c40b1c08a
2084,e4860575-090c-4112-9580-62a883cc093a
2086,34079478-b035-4de4-a208-6fbef464fe35
2089,1e05ab8e-07e6-4095-a2d6-07a42178cc3f
2098,ee693288-8c4c-46d1-aa41-7af660ecdf50
2099,12d33150-8e16-42d5-bd71-5fc87dbe3a5b
2124,0d88162a-a40c-46ea-8ac4-26174f58c2c0
2150,242350b2-16dc-4da2-81ac-9067f8e71a9e
2155,2492c45d-9410-4b2f-99a4-f429f58a845d
216574,9d36f6ac-a52b-4ffc-873c-6c47464913c9
2191,52146538-bc69-4ed3-992d-6ee674461131
2229,dccb9672-83e6-4f1d-9ce6-ade3eb046a92
2236,b2967782-a540-48af-9df1-873bd6198ccf
223837,4d75da06-bd44-42a0-9f68-90d3bfbf8d4d
2240,474f53e1-c00a-459a-8e8c-3231d5fc0a33
2250,1e5e5a91-81a1-446d-8941-1281a781df4f
2257,f3ad58f9-268f-4121-b127-2272412fa3f3
2265,8249b020-fe41-49ee-94b5-ace90ef23e4c
2277,2ce0ec00-45a2-4140-a4a9-0b6885696aca
2295,df989e59-8dfb-4c05-b4fd-a0ec008e3b75
230,729603e9-cf72-4170-ae8c-ea040e24cab2
230329,0848287f-f8b9-4a39-a1c0-e67cc8d993ef
2317,4f8d879f-4c8a-44b7-a370-248ec9504f93
2338,6953074d-568d-43b0-92c9-30d48563b944
2343,ec7af0e0-f3fa-4a3b-b184-f2482a12b30c
2345,bfa64a0d-5604-445d-9958-96edd3171f85
2365,e281db40-e2a6-45d4-abb3-9cf94a47581c
2374,de1b3d35-d0a4-4373-939c-7e567a53631c
2377,5bb6bf54-2392-48c0-b0a8-cf64e90d5c74
2424,5c8e7ca9-df6e-46ca-84a5-fb5abcfd334a
243,bdb14f08-6078-484a-af71-0096f560d969
2430,408ef08f-34d4-4b00-b53a-eb6d4b76e3f2
2449,ce8966fb-f63c-4806-9c2a-d7cc4f97e958
2492,aa773d34-093a-4d77-9269-1ecc3da2d104
2503,afe1428b-2177-429a-8ea4-9bc1bbe03aaa
2529,ddc1ba73-8c70-48de-829a-503a1dbcde20
2549,c188fe20-5fc2-40ac-81d7-3ea47377d92a
259,16d99aff-4fd4-4133-85c4-6eacc3fba93e
2597,2f03f686-1b27-4849-92c4-4122fefb64b8
2600,c7eafe8e-bed7-4369-8a84-b3dc655d2378
2603,97b51382-1fdf-4fa9-9b4e-8b3527f2d44c
2611,dd897578-b38e-4b10-86da-761e5bb3aae9
2631,13517c8c-b44a-4d78-9f6b-ad6ab6e55cc3
2664,6cdad587-5b4f-4097-a88f-eb8c4207a21f
2667,6c1f11a0-d847-4a76-bfd7-185dfc4d17fb
266774,1e9faf64-307f-47fa-9024-302822ee7a27
266776,05661f05-02fd-4efb-a23c-5cc0528ab7eb
266788,1d105b7c-383a-4755-8672-28f891c799bf
266793,1cd5de69-2255-47b6-9f06-357537905083
266797,fed1f65b-4cec-4855-aadc-282e3290670f
266808,8c8101c0-84e6-4717-a842-8e89d535c670
266863,5c157b51-aa61-4276-a391-a0c701544644
267013,4f079311-f6eb-4888-8bc6-0b31e0fd69f8
267042,f2614756-57c7-4073-998b-658ef5e06fec
267057,e36a4655-178c-421c-bc83-0bf73fe1d17c
267075,8927ddb3-fcb6-4244-af18-05ec2df17a84
267080,610babd2-bb18-4087-b6ae-9fa4eb3a521e
267091,6fa82f6b-14db-4fb8-a4ca-7ab0aee1b9ef
267148,b67cb101-dee3-4441-8973-8e6754521e0d
267151,85509d59-3261-4a97-9b53-7f8905e19ca5
267165,063bfdac-ff1f-406a-9fea-7844466edfb2
267178,fd38ba8c-e932-4ab6-9eb8-4e6e006f26d9
267188,233296ec-2f64-4df7-a010-5c013a8946e3
267200,85dbebab-8b2d-4395-b711-f4ecdbda5ee7
267204,2f8ede2d-d31c-4506-a93b-0d4378c813db
267227,ce7eb082-3c34-406c-994b-42b92fd30b40
267233,ca22215a-5d6b-4c73-9d0f-862a1f49a822
267241,cb1d676b-c346-4632-8029-317ee906792c
267246,3be261e0-f621-4446-8f02-7d76c589c9d6
267260,f7deab38-969f-40b4-9c78-f6d592730190
267266,a1fe6cfb-cde2-4c78-9c03-13bb31b39c20
267278,80019eef-f54b-4def-baa4-0b031629661d
267285,f7f5ce78-457f-4b17-8c15-137723933beb
267289,dae7a550-0d2d-4625-8104-eb1842fc07f5
267306,b60dbe44-0e80-45cf-9cae-3f44c964f680
267317,0814df59-1fc0-4607-8739-71ac38da7130
267318,273d8819-e12f-464a-9962-0ca2d959be86
267324,d0d29d87-138a-43c0-a5df-9e9a363de5d9
267327,3008c0a2-043a-48e5-8fca-f08d515bcd89
267330,396e579a-635c-4fd1-967f-c4979d6f13f8
267336,bb58c6a0-ec51-45d0-bc03-b5aa6015c9bb
267355,ba6a42ab-130f-4dea-80a0-025078604af7
267358,6ba0b7d1-3ade-41a3-a67a-d9a0a4647d78
267378,75701b9c-2120-4020-8a4a-a30a65be4813
267407,496679fc-0bf0-4b6f-a14b-5e5f9f17eadf
267429,13d193d3-47bf-48a1-8a42-91a5d7c9007d
267433,0d53e19d-6367-4005-bb22-0126751916f4
267440,31ad3b21-a745-4d8c-9baa-5560d3be4364
267450,7817e426-1c90-44a2-94e5-c666c126601f
267457,66bd2bd0-212a-4938-b839-6b44558f250b
267459,e18d0766-ef96-4c40-a296-91b60cb0c879
267469,f85d8647-5edb-41fb-b55a-540eb47398a5
267479,a2153956-1ead-428a-b0ab-7933a2669dae
267492,e3b9f175-abbd-414a-a5f6-7c41e4a4db49
267499,1cb0c28a-8386-400a-adf1-920602869580
2675,8be96206-e240-4de1-9ae8-ab1b7970a9cf
267506,14c3b122-fde4-4179-a8ac-ab203a21723e
267512,238a5c90-4e4a-4746-830f-d22e231e7cce
267527,7089275f-4ff7-4021-9a89-4b3bd2462dab
267532,c2c200c9-4e95-40cf-80f5-822425f6ae64
267534,72e487f9-1e2c-4e91-b89a-cddebe8aa8d3
267551,b7245be4-8086-4112-a14c-35432739d63d
267556,1d693258-4130-4f15-a62f-a5ab3465ccd3
267576,19400a23-3b5e-4379-a236-375d0163bc84
267585,2724bc3b-5374-40c9-9305-2883cffe0e1b
267591,5bd1ab3a-51b6-47cc-8b18-3f2a4bf916ab
267598,d6880a6d-b001-473f-8ead-23adbd734aca
267605,d52a6b4d-26bb-46de-af01-7fd3cb672759
267622,90369219-5215-4152-add4-c2c2bb3b6307
267623,85e3bf75-c16c-4e79-ac49-071e33f9ccbf
267628,4b0ff9d8-ff64-4663-85fb-5df6a9856f9e
267673,82b5df0e-f67b-4127-9656-6ecaaf2f0573
267680,05ff2211-6506-4286-95bf-99b500c90188
267689,4d37f14c-655f-44c4-90ed-c54a0a3f3660
267695,f903c229-cc8e-4609-9375-6fbe127252d4
267706,1bed009b-693b-4077-9369-a9b24c25f152
267728,9cebd577-24d3-4b74-9193-a90a76922f44
267735,2c495b82-a11f-4bbd-9cd3-82bf38cc7825
267743,edc1d0e1-6010-4549-9b88-98b0115e1e5d
267762,7d846907-494a-4196-8239-520482411666
267765,9a7d6e2b-7403-42d4-a2f7-86255d60c2fb
267766,a615e85d-8010-47f9-b0a4-011b3401561e
267775,d84ad4a5-a626-4443-a23f-6bf959a2e541
267780,a0969e47-5b23-471f-a1ad-9e542b8f757a
267785,a189ebf9-0d51-4378-bc61-979a3fdec0f1
267794,d9998539-e2d5-4072-a8f8-3606cd18de72
267797,4729f203-8360-4cf2-8cbf-be31af9e16a3
267801,6c1f6ec4-a692-40c9-833a-9c167fd41655
267813,530719ae-213b-4d60-bea8-43433e3fd30b
267822,99db4e6e-04e1-4439-9bf6-4f0802c42748
267835,19b62542-c1eb-488e-a482-b954f87d43f8
267886,c42a9ca0-1b8d-4dfd-90bb-fbb33f72de64
267895,efc6acfb-58a8-4468-a196-032c9a703b22
267901,b60d49ba-8237-4c30-bf8a-ae8627336899
267918,68228d53-9f2e-4166-863a-6e4ee90138d5
267923,f78ebaa5-5ed5-41b9-b082-e39d47b04861
267954,b3942e72-ef82-4cef-8182-278d9edea484
267965,4e709d15-2721-4920-b05e-52812846b984
268019,6471add5-99ec-44f8-874e-477f2909db37
268039,8ec2c24d-229e-4d2d-bb87-55b9e03b6685
268042,fa207cfb-46cc-45c4-ba49-a2256b79268b
268048,7d523942-a97f-41be-b7ce-5da06f13c51d
268051,0fa97ed0-ea4d-4791-a6b9-f01dc96e53b8
2685,ab7edef7-bf87-4949-a5ee-62f5578bc49f
2690,f50de49c-c0ae-44e1-a265-d3a6d90f9c62
2693,517529bf-761e-4128-9192-2145400081d9
2700,de1508f6-91d2-483a-95d8-fa351e59c609
2707,c859d9f4-e24c-4d89-93ae-1b95722e0c98
271,44bc26bb-a768-49af-961f-9738e5f99f1d
2713,1d942d37-07d6-4333-a118-7065b31dff03
2775,b54bf5f6-a17d-4b03-bfa3-82926927e00b
2792,80184c28-8822-41f4-bf74-5db136217907
2796,7d1410ae-ec30-48cb-9491-7e76dbe4f000
2799,a089d4ad-19eb-4c70-b580-0187dc726a8f
2800,191a1d78-4d63-43ce-8827-6af5d9aa10c0
2801,90e83d85-9822-44b5-a58d-36e391c850ab
2815,67e7a8cb-6044-48e7-b135-91e6e58622d4
2825,846c85ca-d379-49d9-9ca6-5e6090f0ef00
2828,1bdf0ca5-5f00-42d7-996b-2797de83d294
2859,fac9340d-4d49-4d45-a6f3-65410dad8a05
2876,88a69334-c49b-44de-a27f-f46102264891
2883,4eb528e9-99a7-4775-be96-e054e0480a0d
2895,9f0aae30-101c-47af-b148-2b5aafa8a860
2907,0d40c7a4-79d4-4882-bc49-fc44865e8dc3
2912,d81f2f1e-cec9-4152-9df3-a3f9dfe0fce2
2936,44de311f-7880-48b2-b6c6-0e20f0f17e73
295,8e37af3d-51c9-4ebf-ac91-7dbdbc091265
2952,2754a183-a8bd-4cb5-97ce-112635fe34e0
2960,218c9dbd-6596-4f99-9e08-90b69b2400e1
2971,3fa52521-6595-4499-b103-281e1e993430
304016,dced8696-18e0-47c7-8850-d04a53ea2a3c
309643,cd59e222-a21c-469e-979a-2fe888eb404e
314,ec93fc38-1fd5-4ca9-b85d-125d31992614
328,ab597313-13d2-45b7-9c4e-16bee846cd92
330008,0c725d29-0f6a-4839-9f7d-82fe931061c9
330118,0534bd81-09e9-490c-a946-47e63100029b
330130,153f88f4-9780-4146-bd85-8b15711bf8ab
330240,081c1833-1862-4788-885b-0f19c3f00ca7
330357,2fed1d06-d3b7-48b7-9f55-973e21dafcbe
330546,12fee8f3-fcee-4f4a-89a2-cdea4a643ee8
330613,4a8be052-6fdf-4c95-b10d-5ae57ad81dd6
330684,36c37cb4-4e4f-4062-a7bc-c1409b027fa4
330788,08673184-c9ba-4e0e-8cf6-81c7ac086255
330909,95bf080c-48fe-43eb-af75-de407b14a9a1
330981,173f610d-af3b-4750-b5de-5f0acf25cbf8
331014,75efebc2-44bf-4009-9da5-92698cfb7cd8
331146,05fa9c9e-f4bf-4bcb-a940-c09daa8e8e24
331282,a6023f32-b60d-4cf3-9202-2b847f38fbfb
331442,bfa69867-658d-4748-84e9-09a3c2946ff9
331481,e0867635-07c4-4277-9b66-135c6c8e96b0
331567,899eda8d-f222-46a8-99d4-356933cd6781
331582,936517b3-5663-40e7-b828-aea2c268eedc
331594,d3e15be7-24a4-49e8-9e48-fd0419a7f103
331658,68066e06-0b34-4583-8402-8dcb7c3b6c3c
331753,2a7c3cb3-98a5-4790-a796-099a0c341962
331807,bbf85406-e330-46a2-85e5-6c3250a1fd69
331835,a04c17a0-793d-44f2-82fe-cda0e8d4016e
331924,b4c3ce9b-9c9f-42ad-ae96-4dd015b7aa78
331973,87785679-f731-4738-9c55-6dabcb36e461
331990,0d21a6a9-f7e8-45b1-83a9-481e2a190f15
332015,94a31558-4bdb-4034-8403-a66a14d5bb73
332206,39f9ab94-3416-4474-a7e0-94ac3fa84a74
332228,6b4c1b70-718d-4c28-93ca-33f6b2fbbd3f
332305,a8f51c1d-d101-4339-9d40-df403695819b
332364,d255b1f7-a81e-4d0f-8c72-38fdddc5d64a
332384,5142f742-bede-4e7f-8bed-2ab7e03a4fb7
332523,9e893885-e415-45e5-aafb-47f132d7ba9e
332614,1e1c358f-bb2c-422b-96df-a988917088cb
332636,1f23a0b5-8d0e-42dc-aeeb-f821c2b100a7
332747,a61424c4-5108-4a68-9d6c-be29bc7b1133
332796,b3024caa-c103-49b3-9378-d4edca3616cf
332843,8a684114-39e1-4c42-8cdc-35f755d19840
332886,86a6bcdf-845b-48d0-a880-15bf74f208b4
332950,a903bf99-aba8-431e-9d13-ca3e3fcd84cc
333043,5da9112b-608a-4d1f-8332-709098ca7e00
333134,f3b16d5a-8ff6-446c-abf3-fbdd8fdb769f
333224,79142b80-f7d4-4d97-abae-3e2628d870e6
333285,213e61de-3b90-464f-937d-79f90acddd73
333335,bf7cb0bb-05bb-4b70-9506-2f27f5bc0eff
333421,32148cc1-dfca-4f36-a9ee-f530f807bad7
333611,ba5fb299-227f-4291-9b29-293e11bb1b59
333818,336549f5-bef4-4700-84a4-84b2177c7f04
334,53022043-83dd-4afb-89c3-266b3a11d070
334116,3eb3c984-4635-4b39-8ef2-b25c0df09b14
334149,5e4f7ad9-a3d7-43f3-b5e7-565907216968
334160,25dd9907-8915-4082-ad89-d21499a22e88
334654,941ffb93-f395-49c8-a9c9-2b1cb122c433
334755,618747ec-dfee-4b1b-9c47-74cff2e66313
334768,d9d88334-ec2c-4085-a120-5104e775509b
334811,5311824c-1a8a-4368-863a-aaafc021b9ac
334843,25226cbc-7526-4111-a486-022826cb44e1
334906,ac3371aa-7205-45d8-8d65-c0c6d1d7f2b8
334951,367128ce-0552-4b0f-a30f-38a4aadb55d5
335017,dd4f6bdf-820e-4de9-8f6e-959442e057d1
335054,f7bacbbc-41d5-48c7-a775-dbf7b1ba32b8
335159,177c6183-09d7-440c-9d3e-39bd6700fdc8
335319,65108e15-4614-4f96-916a-15d779b952de
335532,2fe4fabf-9ad1-482d-9da3-d236fee429b7
335543,a73bd8be-2fcd-4fc0-9603-41fa5c13c7f2
335567,2418d470-8481-498f-a4cd-790921a51e3a
335612,66638355-9436-4694-b902-519260602c64
335758,dd029420-9852-4633-923c-cc415adb35e7
335999,df3b46f5-5741-4de7-8a71-f44cdf5dd519
336015,162ac923-07c4-4b32-8f47-c4ba276b71db
336112,acaa328e-caf3-48be-94e1-0c759b334d80
336175,9209ed65-ec9c-4104-9947-dee5197386f8
336316,7d685647-ac73-4e4a-8eda-18511879b233
336421,a43b9c5e-dd4c-45d7-8d09-64ea10c75d73
336439,593164e2-9ac0-45f3-ad1e-e54ab854ea98
336576,b4c43266-9249-4698-9dcc-583231a7f924
336971,9a614e68-82f9-487d-b276-55be7cb80963
337483,e1f0d13d-8c66-4505-b181-1765a84f18de
337504,1c9a030e-d366-42a8-bb6e-c63401a60ca3
337550,98ea2fc3-2912-40ca-8079-954f501f0522
337568,b7b5332c-78e3-4f24-82fe-6956162f765e
337633,8811325a-46a2-42ca-a50f-b2d472b0b1c6
339,dc9fec1c-8a7a-42fa-9667-bdb4954ab880
340343,d378b4d8-2775-492c-915a-9ac34308f650
340432,e1c0fcc6-a132-4af1-b927-900baf919916
340755,3919f87a-f25c-48c6-8cb4-fe57fdb9da50
340853,c6697324-c0c1-424a-9d54-b619d8a18024
341246,fa169fed-524a-454d-92b0-3d77d3af5a55
341339,703a7dd3-1586-4581-8deb-9895003ef7e4
341981,9a4636e3-395d-4ea4-9d55-846634fb3334
342332,5ea6f3da-d245-4340-8383-3a0e795e1355
342415,f6f8a4a9-5fa0-47ae-b511-250ed4321981
342539,b002f266-086c-44a6-a081-8f4ce1c10754
342564,2a8dabf2-d807-4592-9190-378b1a29fab4
342935,f414e35f-2942-4ecc-ac0c-9bfc4507a28e
342997,6bc28ac5-963c-4637-ba53-3f194e73eaf3
343408,9bd7d3c8-832e-4ce8-95bf-08f572cf6456
343493,bfa1af87-81f5-4bc9-9984-67305ca135e8
343623,938ac654-90af-4835-8a7f-34a48de3ac16
344114,03515e10-1d27-4fc0-be0d-f344aa6033c3
344242,8fab36f6-9619-47f4-a9a1-0fe6bf87b379
344492,94b8fed2-4a80-466a-acb6-ae1a997a5df9
344545,72c1e976-6d64-4c7f-9bb6-0fefa71a3c82
344776,5cba7cf6-4ee9-4546-b7ef-acc5667d1c94
345619,1bf7fe7c-3b80-46a3-8f66-3e1f7c29191e
345722,425bdb5e-d99d-4259-acd9-dfd1ac37001f
345897,24db80b5-e5bd-4cd9-a244-7211a546dcd8
345937,74194bc3-fba9-4509-8671-b2a0ad039dcd
345994,8e5ee17e-b897-43ee-94b7-4a841d8c9e73
346,a8dbc300-2ec7-4792-a6ea-725a5dec46a6
346054,9a171e8d-9762-439b-be6c-0b57a0b9bfef
346170,3dd050ca-5535-4a3b-ba8f-81233ae97643
346218,c659dc60-a530-4fa7-a502-8d894b6d2f92
346876,99116c59-19ea-4543-bd09-38a64daf919d
346886,bc6d6652-64e3-4e69-b968-b6e97ae5f3cb
347627,286fe519-06c7-4e8e-b194-06671ed86272
356,e26735d0-4f76-4d96-983c-e0fb451f2eee
369,f86deb7c-d904-466a-9801-bfe4222fdad8
381,254d5f5f-0a39-467d-ba54-f34311285d6d
394,b19c7ea5-c0b3-4c76-8d5b-2e8939eeddea
405480,b3608a9f-51e9-4d66-98ef-d185ec7fed09
417099,233cd8cd-a0e6-4579-b106-e32f2191b545
421348,16555044-c78f-4d34-9aec-8ff81dc64df2
422119,6cec685b-7a84-4c09-a747-6f765fb7e92b
429893,07399967-22ea-45d0-8e50-57f3a818495c
441,a563208d-04fc-4ab4-b021-b525a12b7700
508,d4fda28d-f34d-4210-a93f-edafaa7044d3
536,8389ea13-426e-4c48-a28e-b0652d97ad30
543,3e1089bd-1fa6-4792-9a7e-feef7617bd95
551,de1ece9c-4c24-41e0-9ca3-e5fa3c43a58d
560,6b2354ac-e523-48a1-aecf-eb76e68f5cb3
563,e91d5ec5-7ec3-4626-bdd6-d48b496aae99
588,af1757b6-9c9c-4993-b9d9-2d599f05a3ae
588872,316930ba-cf12-4d3d-8959-2b8f91997419
588884,d5cfd7fc-1476-4f3d-b75f-a2db5f46418b
588886,305b8889-02d7-4634-bb7b-ef6ddc0a9b46
590031,14377621-dec4-44a5-a458-f047ae679dfa
590032,c079b7f6-2993-4ac6-957e-1711d1829603
590034,8fd18271-ab3c-4fe0-8522-66f4d130aeb2
605036,044f6115-acf6-46e7-8c0e-d2eb95f56cde
605069,e3fc10ae-6ae5-45e3-b90e-97af70a64361
605076,18919c7c-b82f-447b-ab65-bb8b92838150
605084,1aaec8ec-009d-4157-ab64-62db2c746905
605131,01274ff3-2ce1-49f0-b9e8-9483b6e813ca
605143,8dda1579-21cc-40c6-ae39-dd7e2bf86450
605261,981efec5-66e2-4cf0-8104-655631c025eb
605278,43b609e5-349c-4472-9d70-37964923c011
605349,c554ab02-ad9a-4b5b-9ffe-ff8ce489576a
605426,df1d501e-cf89-40fa-aef8-fd42f24c9057
605499,cca9a679-9057-4330-b43d-38a7cdae4dd9
605518,6ee94a9b-467a-4f21-8695-bd8875761e32
605557,3ab38d2a-df9f-4508-abe0-aa36b23b35e8
605606,cc77e855-fd3c-4f61-9f1c-36c5107ee2c3
605625,435f0231-3c34-4a42-975e-7ca68906caae
605643,7510e93b-cf08-44d2-8bbd-14dfd0eccb36
605694,64124bf6-116a-4976-83ab-547e4df4de88
605703,7d61d99f-81f9-4d69-8ef4-1c992f6f5a7c
605745,c5e843cd-417a-4c2e-a168-44072ff3ca78
605758,adbbb3b6-ceb2-422f-b1bd-cbf9a785a326
605782,f951582d-23cc-4818-b6a6-edacaf3011f2
605804,795b8c2f-a4ce-4771-9af5-a2bc97c8ce5a
605830,8f9617bc-6950-4259-8f39-825692dc1964
605888,fb230d77-02ea-4705-acb5-4ac8014fe208
605922,1bb37631-fda9-400b-a1b5-dbe19a971b0c
605952,9c0edd29-fe5e-4d4f-ab48-29450f442961
605963,52d5dc67-aabe-431c-afb2-f3ddf32d3a51
605991,74c1e2c0-56d7-4078-ae4d-0a4066cf3e47
606030,f4d2d945-2494-4467-b716-fdbb69ca8590
606040,241fd1c9-97b9-4ed4-ab60-8cc2eacf0cc8
606098,59c2e52d-6c77-4a79-952e-e38269653466
606149,0001b34a-8f96-4784-b9ef-b639a23cfec0
606161,83a07982-8f53-45ab-9db5-2b8f02f8df67
606171,1e20d523-9766-4e1b-b00a-54a40b70e663
606202,bb868e28-14c0-424f-8dcc-6c6238d43c08
606212,90a128d9-c034-4753-8318-7ce6f6b4a3a5
606225,7cd72a63-47cf-4ef5-a38e-05035002466e
606230,2eed9b15-f723-4a50-815e-971782d7fc36
606258,aa901ecb-5282-4ee5-a679-c0a688941367
606299,71e8617d-de14-4483-9d3f-b2384bb977ad
606351,7dfa0a63-97e1-4a27-bafb-a9733311472a
606363,114e4dfa-0f00-45be-abf0-751a7bf18c6a
606375,13ff5c5c-dad5-4d39-8c2f-221879cd0e42
606412,f4e9594d-47e3-42a8-a8a2-880522045e1e
606478,8405292a-bd22-4226-9c74-bf3ec129b74b
606495,2fabc599-af91-4f54-873a-0098aca3155a
606507,8a236350-5523-40de-9d1a-146591c9cc74
606545,82db3813-f939-4506-b936-e62a90f01c3c
606555,c26f5456-f736-4f14-9a5a-de85c314e644
606573,f141b44e-5c83-4337-97db-5e947aaa066a
606586,daeacd4e-12b4-485d-8f88-b2ba06acb435
606606,a94977fb-5eea-45aa-92e8-51779919a27d
606623,5776ca74-768a-4743-b18e-4565e952f2a3
606631,ef55ab42-c16a-4993-94e3-a9fb71c03e90
606639,a23bc541-3197-4baa-a800-beb70ca0f0f2
606665,9b9feadb-a1fb-48a8-9b63-541a41bf09c8
606675,1981e365-a744-4571-a1d4-45b20364036d
606693,d63afab3-691d-444e-a86b-2d86dff69edc
606712,1eadfbb8-d898-459a-ab92-bcd8bae79caa
606745,2d528bbd-cfc9-4657-950d-5170eadd7053
606793,33784dea-631e-49c8-be42-a9881e3dc3e7
606888,02aed163-006d-4ba3-9665-009dc2571f40
606899,4399c7c2-200a-46fb-9170-1f53a6db9739
606910,f6576280-0248-4807-b78a-fcd5584c20f2
606924,2af9bdc6-cf00-468b-88bc-a0f80edf821f
606991,e7db213b-afef-4e49-b995-cf00579ef454
607090,4d4dfe88-66fd-4afa-a5aa-44a5d909c61e
607155,0e542c6b-fefa-4d6b-8016-ea3d272ae992
607187,3b3ced88-9268-44a5-9cd8-8ab1b99192e8
607193,0c9772fc-945d-4f80-a558-30d3ec92d035
607256,e71e930e-6554-4b8c-90d5-22ebdc0bf864
607283,661d36b7-563f-4304-995b-5413b8a59557
607287,6bbd216f-5621-4ba2-861f-40ac15d284c2
607310,f248ae2c-a09c-4848-83a1-feb46360be0c
607369,d646fc86-83d5-447a-9503-79512e22e8da
607395,e257354c-3baa-4405-bf1a-e8dd9a78ffc6
607489,4ee313c6-cac2-40d7-80b9-eda3da9d8b80
607509,dbcd8c55-831a-4b9a-ab2c-564d6ff2976f
607553,f7f72376-0fc0-4713-9940-d8f6df9c9f0d
607595,9bde671a-9c89-4aa4-a9c3-85ba52187495
607603,6f89d3e9-0c2c-42a0-ba17-a3a32a9dbcc8
607606,da116f31-180f-48d2-a0d2-ad116d69db89
607619,0d6bef14-764a-4c39-95e6-10d60b340b54
607632,5c029afa-06f1-4bc4-9cb8-60cdf34c6175
607691,756f72f0-7e02-4029-9e05-b2a2d376b1ef
607699,a5398b54-6a38-4bde-b380-3305e83f3cfd
607761,807f7300-9d3b-4c5e-b0df-810640597035
607769,cefd87ce-377a-498b-b340-88d4163becde
607846,c898d451-ebb7-45c8-8e35-e3edba45f42e
607892,69b86d4c-c1b6-47f7-bb8b-446a7cb48a4c
607919,327af656-c4e4-4be3-98ce-db476da0cba7
608011,13646d7a-322f-4b21-82e8-dbfeaeca479d
608016,64a14299-ce42-4ba0-aced-d33af9b4f1b5
608038,ec5db146-7fb2-4b13-a0f5-4ca6e31a33cf
608083,1f479fd4-a2e3-4d4b-91e9-aaa384575007
608098,b573e3e1-d6c1-4d44-85b0-6e90ae096757
608120,8168a2a0-9b5a-4d6d-aaad-59d9e2d75880
608158,8276b3fe-90b3-4a84-bedc-2f7b5f2f1ddc
608172,bd329456-5f52-46b6-b12d-48f304480a1a
608186,6287d1cd-6de0-423e-b0d4-87a385242378
608235,4b5650b3-dc08-4e2e-ac80-d4094bb3ae01
608264,e0bed1e3-735e-42e9-822f-ef20b15edb1a
608276,1140966c-d505-4fb1-a2fa-628d2cd14d94
608292,c10b910a-c636-4329-9312-a5fe737869c6
608310,8067bdbe-ba5a-4e27-a6a6-81cafb403075
608328,5e84fbcc-252f-4f00-b835-c931950bae00
608348,949d84f1-a11c-488c-a9ba-853c26c03269
608363,0ac63683-59e8-431c-91be-88cbe4088733
608380,c7f45f35-8816-4fee-b81f-d264613093fe
608416,b1a334cc-3001-47a1-931f-bc4225c86b94
608434,891c9a1f-3c7d-40ca-a183-56a472786260
608495,fde94804-2513-47d7-9fe1-ff227c8abddf
608574,f82bfa28-1fd2-4d82-a4ae-b64e27fae5d5
608641,ba74ff49-f189-48ec-86f9-76c3d33c3129
608662,176583bb-81c2-4ca8-9ad8-6594f2f46218
608672,75d5d770-0195-48ff-8b55-6c22ea7a4c5d
608684,1fa150ee-1388-4e09-aa5a-1d5cd72f4e2d
608686,d42354ca-1686-453b-a21e-6273240b6269
608695,f3b6b8a3-5e61-460e-b0f1-b4432a80bc3f
608718,75f2f728-e833-42af-990f-092f6ee9ef2f
608741,4b15fe19-40f0-4219-896c-706423444896
608778,67fbce30-dff5-4de5-85e0-3c53fa8aa2a3
608785,80ed77b6-fd48-4e55-b43d-22e72bc799fd
608826,af60e6bc-fa83-46fe-aff1-cfabfc33af78
608851,edaf09aa-7906-40d4-91fe-a3aa18e0ce90
608920,9c4a5434-6a5b-4cdb-a400-e2b118821879
609016,02fbef22-f290-4c43-ab51-158b986632c6
609042,e19d1d53-d3d8-41d4-b070-4e091d612a0a
609205,a1b22a04-a61b-4641-9db9-e116ec3f404e
609218,20b0e3cd-edc9-46ea-be5b-e69c7ba68a48
609222,45a25e3e-cf8f-45ba-a63e-1ca2f52b8e59
609245,938d2240-6ef9-4161-8bca-15c654339d59
609292,88391626-eed7-4af8-ae49-f3b06b3ec4a7
609314,a8719727-6ff8-45b7-82d3-14b20131505e
609332,08b71d79-7bcb-4822-9d16-d63f04ff34f4
609345,13046c14-57ac-4b57-9b5b-c3c2959f83ef
609365,7bbbc633-c4df-4ba4-8aea-effee7bcfef4
609435,f6ee0a3b-136f-4134-8772-988bdc251a8e
609442,c1516105-d653-45c9-a251-c101ff69f2c2
609465,14403c5c-4b41-4e79-bc55-371fc9a7d5cb
609513,d8ff53b7-15d9-41dc-ad47-27581dda25db
609520,614f60f0-9c1f-4dd4-9602-fbb837e170a0
609535,468045a0-bd0e-48bd-af92-cc2add2aa5b0
609578,be6685a2-028b-4979-9c2f-b36ea7aece4c
609590,26bc7caf-41ad-4ad0-8c33-ff9b4d61d4c4
609691,a36755f6-39c4-40f2-8328-443e895e19e2
609709,41e1af51-512b-405a-a0f6-aa0ec8cb4746
609726,5914cf85-fb7e-46ef-bdac-dea940a5a6cf
609740,1e16f9b2-a177-4939-a6df-0d2be60f4334
609743,fc1c4167-1a24-477f-8408-5ad468a691d8
609764,7e309b26-e058-4485-a2df-f65d00e11a2e
609775,00d7cfb3-5120-410b-8963-6573c024861c
609816,4e31684d-7e2d-4342-abc4-33d58a415ea5
609845,69b11be0-b620-41a2-8238-c63ff6b69543
609963,79950311-8bee-4db8-9443-dee303cffb50
609983,b7c0db38-d0b0-46be-9ae4-423ba49f145e
610002,e7773074-8fbc-4b0e-900f-a90f505ac196
610045,b312146e-fc33-4e63-b2be-2b5bf268950b
610066,215a5177-18dd-4e93-a0e0-cf76c4d8e5d3
610075,37935b38-0073-4622-957e-7c8829fe949b
610125,014b06ba-70db-4fb2-a720-2b3af4c10961
610195,f7dd7497-07c0-468c-bf88-b85e31286bbf
610203,f06643e2-139e-4cb8-8ebb-99863f40de99
610245,24d031e4-90fb-46d7-a7d1-9abdc924d36c
610291,5b0ab2bf-1f67-4f48-b9c5-dad96395fa12
610313,60a4e1e4-cc5c-4194-bed7-989dfc47e7e0
610354,1d978fe3-09fa-46d1-a275-2aa54238fc8e
610427,56723077-4a9d-4034-88ba-2b7fea1c72cc
610481,3a2cfa6a-a82b-4972-9bba-58ec28d3fd72
610521,88cab8d5-8988-4ddf-9c38-d907a8ae4831
610529,26f427a0-300c-4fda-98be-1e785ec93822
610539,8e0394c5-0c45-4a4c-a7f3-182c3ef16cd9
610594,cb3978e6-3cbf-4f8f-92d9-c43b23a79632
610615,95644ac1-cb32-4309-879c-f26291b5b069
610634,51413a9d-a1f6-451b-9b8a-1dfddee3194e
610654,4adc4e18-dc87-4749-97fa-63e3e4ffc289
610667,50adedd2-baa1-4910-b7e8-95d49184ca84
610681,a8f34c41-be89-4cda-b9ff-f94fa993d326
610701,ad007d9a-9315-461d-997f-a9854d930f0a
610729,985ed860-570c-4f5a-9a3d-f858b43c65ec
610733,3114c995-710d-474c-806b-bca4725abd89
610752,24ec7f8b-8376-4445-936e-d68d35fc1497
610758,7ac87f75-38c0-4f7c-89ba-08b7a060c9c2
610770,88975e4d-4f8e-4e3f-a433-703bbb5913eb
610775,a374fb05-de48-4c4f-88bd-bc81d7ee9d8b
610804,d46152f2-c3c1-4d82-a6fc-8f188326df45
610820,ef184383-6ce5-43e7-8f2e-980891a8668d
610824,ca062583-7728-46fa-9ec6-3ddf072cc87a
610830,07a9ed09-938d-4539-a699-fe81677c273a
610850,15355723-96b6-435c-adff-8c02a539fbaa
610860,715e15d1-7401-41e4-937e-13cba066d2ce
610873,873093fe-28a4-49f0-8fc9-534ded561b0b
610891,cbf0eb71-1312-42dc-8410-41ed4d0bb497
610905,41515663-cd4f-4b75-bd6c-1f7ab01eb8d7
610924,faaeb548-fbad-458f-97cf-0bc8214baf56
610936,2b23f142-732b-475c-b550-a96adaed804e
610954,8630a586-e105-4471-90a7-10571d84734b
610968,d2db7942-71b4-4998-9e90-3ecbdaceb036
642682,856c4b47-d673-4808-956f-9786048ddba9
642684,f13069b4-489d-484a-99fa-b80fa4b0df37
642695,a20b6c23-d567-469b-b926-18452503057b
642699,3675287e-b143-43f2-a5cc-559131b16acf
642705,dc73c9d4-1b5d-4c3d-a5ca-d81f0f6ee82c
642724,1ef93d2e-4461-476d-a56d-7f2b3a1f0d52
642736,43c35841-1ee3-4264-810b-dd21760f9ff5
642739,d4a499a6-b15e-4b9a-b190-318dee3bca3f
642743,b02198e9-ea7a-4b70-9137-0e53527769dd
642759,1b514ac2-930f-400d-a8e0-15f78e1cdf72
642764,9434008a-deb3-4e73-83e8-9549cd3f3f19
642788,489b279c-49e5-45c0-a79e-23e438956dc4
642790,0c3fbafb-8150-4f31-b698-455acce757de
642805,a9d0461c-fa0e-4ea8-b5ad-c9e2271e1105
642836,89d6ac11-46ce-4f03-9270-9f958426fde7
642844,ca664776-d4c0-4076-b979-e520d5900a06
642847,3199bf5a-6eb9-42cf-9c77-d14f850bf428
642868,96153f7d-94d3-422b-ad1a-fe9eca3cd7ef
642876,4f755d57-5651-4628-9625-3e669f1367a7
642885,652fa4dc-a64c-47d9-9a73-ca8cef1004b8
642910,01d1a094-a02a-4f02-8f4d-379f1c3f2fac
642935,8df701cc-b57b-47cf-b817-4cba11ae4d15
642940,33d56e2c-3cf0-4063-a223-375b7b286ac9
642962,d161a7ba-37f2-4d55-baa9-c282c56abf81
642963,8b609157-ef74-4c5d-859d-c401484fe8bf
642965,58fbe879-392c-467d-8fdb-a1c0a96bd593
642984,9e67d6a2-4bfc-4a05-adf7-00621b532150
642987,34d9642e-e79b-4419-a21f-12fb961b38d1
643002,2709cc62-70fe-4dc6-8c15-9eaf0ce6d497
643020,aa11c3e9-d1b0-4a3b-8658-b18e07e3ff10
643053,167d2b2d-e866-4a66-9aa6-262aca47b6e7
643069,94ae5372-4a7b-4df1-911b-55ceacf7851d
643103,05569774-7abb-406c-890f-21e6bf54c6c0
643127,a45b52fd-c0d0-4906-af12-9319440af8b6
643134,5b5dbfa4-2dbf-4551-a2b0-ce97b038c6f4
643145,c3dfd96b-db6d-4827-9953-2a4cbdaae182
643157,3673ec09-696a-4854-b080-90ef3331cc36
643165,fc0bed93-befc-44be-89ae-b28c05b3bc30
643175,55363ba5-b2e5-44b1-a6ae-8465f66ed2c0
643177,d3a0acc7-7e12-4707-8e39-525201a8ee64
643183,bf6cbf03-e9f3-4d89-9f85-3e28eedd2b65
643196,4da9ec22-7a7a-4944-b121-86ab3ce4ed08
643205,d9a9d522-8677-468a-acc4-9cbcf09eef7b
643211,14161b7b-b520-4ae9-b81f-ef63fea7ae70
667,9fecbcf2-7fb5-4ff9-b6e2-c0bdd836e89f
672,2c9f50b9-5b5b-4840-9716-07b2b1bedffa
677483,6520ac40-a4df-447e-84b4-64955944c132
680,5cda5ae4-21b5-497a-8068-3bc0d86cd42a
687214,41b12975-5f0b-44b5-92d7-8527376f8a40
689,fef3e18e-698a-4dff-b30b-2227c879691f
693008,10cd8495-2e00-48fa-bfbb-107a0664f887
695,97d520ee-931a-4e3b-9aca-9ce60dcaa85e
695100,6270acd5-f1cf-4728-8d38-503dfe7f9c07
695511,48eac12a-73b2-4159-bb75-a661864853b2
696,7e082c0c-ae68-4d39-b4ce-273bc658f474
702052,a8265175-1445-44ca-96a3-6e70cda07c64
702053,17365fb0-4bc4-4c53-ac99-8a4557b20149
702054,49376595-5924-4a6b-a698-dce13bcbe953
706,3cdc32dd-1a20-4679-b717-0aaa792f0003
709315,b0f09926-87c4-4c64-8b81-e13cae648a01
712014,ff3ed34e-1d3c-4002-a4ea-7dddd133b490
712015,49ee2c8a-1a27-46df-aa45-f146c6519396
712016,7cb1c734-9b84-442a-a127-9eb692a9eab1
712422,d54bfc25-dd2a-42b3-976d-e910d40a0be9
713448,82916497-ebd2-43ee-8266-9f9acffcd347
717151,db3ca6af-e59d-40db-8fe1-bf6f180861b9
717167,d1bf2bc0-8a6b-46d2-b831-622adfc82956
717379,ce213fc3-7c93-4a3f-baef-2838ce631fde
718674,c353ff65-46bc-4bfb-b0e5-ea30258620c9
718682,1fe14e7f-6813-46e7-8144-3e5642325d3f
718694,d810f2f7-1600-46d9-a26d-39f8e46906c2
718706,80499eec-5c52-4bb9-a226-207c531087b7
718710,6b9115c8-7723-475e-805a-fcc8b8d95815
718720,56351b58-c8d5-4f96-b0a2-0b952a0c83bf
718728,cc0fc781-d7dc-4258-94d5-ef9daa17fc3f
718736,2ac1fbee-05d0-4074-a19a-789b3f9a1528
718744,64ca3956-9d29-4056-b5bc-91fe0dcc4983
718756,a60398ce-de91-4bdd-919b-3e22cdeaf57a
718768,40499d11-06f9-45e4-a478-16b6ec2c2c12
718780,55fa668b-72d8-487e-890d-1434eacf0679
718784,259030a8-706e-40be-a716-4ba6ad64831f
718794,e6c38d0c-8e87-4d45-bbb5-418cde7e873b
718802,cb48aa14-6cee-4438-96a5-3f85f60c139c
718810,ed722048-0edb-4dc1-932f-8b214002ca0f
718838,62bfad87-8ef1-49d6-b631-19329d49d11e
718850,4851240e-8b67-441c-9f2c-6086df94f7d7
718860,df2526da-85b9-482d-aef1-8ad81b501a63
718868,93953153-2cba-4909-8d42-bbf1fe2819fa
718876,5a924ed2-0d8a-4741-86e3-96909b9f1e33
718884,9f853b08-89ce-4d53-ac6b-25b37144c090
718894,295a65ed-b01f-465d-87f8-8cbdd038aa06
718902,6cc82ea7-4f94-4848-885a-31bc96c1574b
718910,e107ee8b-2748-439f-a2a3-e7408359b14c
718918,e9658f6e-9460-4b9e-b222-df3bfc1e5374
718926,9c8339d7-0ad3-4e75-aba7-c0888e898b4c
718930,fd78ca1e-7117-44ed-9217-95258007a9f3
718944,f3b11835-1ba9-4b88-bcd8-42a72302b827
718954,cd0442cf-f711-47d4-8c41-5c7e1726b91c
718962,895f8c61-34f5-464a-878e-28742323cf65
718978,09a61580-604b-4cc3-b5dd-c60d1b3e9e89
718990,75afa0d0-2ea9-42a8-863a-a7f049e90b52
719,ad4dbb81-bb51-477f-8d37-422184e536ef
719006,26140b36-6ad3-4c25-8cd5-9333f642948a
719024,1247280b-e991-494d-8241-a40bb0f87192
719032,f0abc6cc-3719-4e92-87da-0d8dd496d436
719044,dddf63a2-1c79-4dfd-889e-622d679fd31f
719052,462fa926-e4b5-414d-9cc3-c291d5706d8a
719060,3baca35b-0931-470d-aff9-1b4d80f43ba1
719072,76080ad1-0d23-42aa-a27a-f5fe34df6106
719080,023d950b-a923-470f-93e2-4820a186f12f
719092,2d129c3c-c581-46a5-bd86-71f20594c241
719100,cb0874da-b04b-4891-9954-7ad1471d43c9
719108,1856961a-4ef2-47cc-aa3b-e814b501e8db
719118,f91d6589-33cc-431a-b114-eb50f163da9c
719130,066bca45-ba63-47bd-81e6-92dab2a9b207
719138,07d3a1e7-f1fe-4c4d-a93b-5234d83a6411
719146,03805962-760e-4bad-ae0f-b0da6d5a3b57
719154,d897e5c1-3e7d-4158-823d-dde1d71624db
719162,e656c485-4d51-420e-82eb-2bb9e42a63f6
719170,6277d555-f338-4514-a553-2d2b3904628b
719186,0abf05b0-f10e-42d2-a5de-cdb22022079f
719194,b0eac3ab-6c24-45b8-9afd-0a9109f255c2
719202,928315c9-3464-41ce-9284-fe67851d2e77
719210,244a051f-89a7-4268-bbb1-e8f556b60abf
719218,e99de112-8cd9-4986-93b4-62af5913cb6e
719230,2950ead1-0d68-45af-b443-d05cb2c76acc
719242,81bd3ac3-fa6f-4305-9806-5e24bd18752c
719250,5eac43eb-bf5d-40f6-b3bb-c900455798a0
719258,6298e9e0-f1b6-4c32-97d7-e59a803a660b
719266,da2c811c-55b2-43cc-b1b6-3362fb2cb2c8
719272,078a28b1-d51a-4a00-878f-7af972249df8
719286,2cc84873-e34c-4bf2-ab10-cc566d520423
719294,bcf90752-22e3-471c-a738-218a7bc8b6a7
719302,319bbe91-db73-4b69-b877-6c35b95f3a6f
719310,d4fa0d88-bf8d-4dba-8e1c-62cd8a0d1cda
719318,e183d44e-2312-4960-9d02-c535a3814d1a
719326,fea4e129-ca8e-4883-ab10-7d01cc98dfec
719330,e7a10539-fc25-41e4-aac2-0f04e52b1ae2
719338,01da5832-2c7a-4b94-9405-f93aae0d382f
719350,a455bff0-d007-4693-a464-0e2ce9a89600
719364,121df658-080b-4bd3-80f8-7709818c05b9
719372,95e45af5-cb7b-4f9f-9ab2-6f9834049a4b
719388,01154600-355d-4317-bb02-7450ecda3b03
719396,f90744d6-37c3-4274-9cd4-62d6c9106bc0
719404,16b3e7f3-67f4-4340-9a94-11cd45e28286
719412,1616cff5-6b88-400f-bec8-87dc712325f5
719420,0c613012-deaa-410e-aa91-2d2ecd0fb64f
719440,6255b01e-a765-419d-bdb4-40e16bbb9bb7
719448,2430ee11-cfa4-49fe-b525-8d3ad6dec188
719456,82dcc687-98b0-4efb-9131-167def55ca6d
719464,b83974e0-dac3-4bcf-9c63-84ab0af18a5b
719472,3a0d6d6d-1c03-476e-bb74-de041dfee3bd
719480,a6164653-657f-4a17-a3c6-905ba721826f
719488,d32b37a3-1bcb-484a-a52d-47335a34e1c4
719496,b4ea3481-54d9-4f20-886e-df1cb6603735
719504,2374db34-694f-4f52-9432-30d61861e102
719512,a71dc39d-612a-4f71-950e-d0832591f0d4
719520,dd07e7c6-9cdd-4b8b-8f58-189451f32b60
719528,4c2d8fc7-f1bf-44bd-96fe-8427289db595
719540,abffdd42-e9fa-4529-867e-9b41bfe7493a
719550,4b2421e8-be90-4041-9c52-756f0bbcde62
719558,afdd2c04-5de0-42ec-b784-4be713aadff1
719570,dcd99d35-253f-4d95-bf20-0fef1a18dadb
719578,04b2b077-b8a0-42ea-98a4-4d698aab0323
719592,b189ccee-bee4-45e1-a907-b88b1df08be6
719600,884efe01-1890-4e9b-a337-d04055531386
719608,357763fb-c4a9-44dd-9bdf-0bcf3197dac8
719616,54786442-a5f6-4613-8f6e-cc2d364dc978
719624,9f9873ec-1ee8-4881-8e71-82dcbdd8b899
719632,4d5d3634-5727-4a34-8dd5-5325598cb915
719640,01d7dffc-6f7f-4ad0-86cd-055528aa8e26
719652,07de4ead-fbd6-4e40-9020-848401a5eba8
719660,e17a728b-9819-45b7-a20b-d11101724198
719668,18b43afe-8820-422b-89f0-ba32606f7295
719676,60c7f808-5c39-43cb-8237-c5afbd12fbd8
719684,a727e3ae-cdc8-40f2-8abe-273ce0c783c4
719692,a24d1a61-78f0-42ac-b9da-037451e87454
719700,07a8f7cc-53b8-4641-b0d9-9da3deb356ae
719710,c512154e-abca-49d4-9c83-dda425442afe
719718,4e56519f-5e70-4f8f-a775-d84f0ace2319
719728,5bed60d0-9d75-4599-b60e-1ac7b6b38f78
719740,f0c6874f-bca4-4b2d-ad09-5c401e2bac76
719748,574c7215-aa40-4b87-a5e7-2f7eba6a05bf
719756,3c434e08-082a-499a-b59d-86fd51ac0411
719770,bcbf94a2-785f-4257-b3b3-ca416f6b46d5
719778,8b6169ce-7014-4089-84e0-e68731a7b617
719790,7e0b555a-f0c5-420a-87ef-2d2cba502dfd
719798,09c3f97c-67fa-4084-9bc4-70767983fe3b
719806,fd3f45c2-7673-42e4-ab11-575eff28694f
719814,0f48c25f-60bf-46ac-9d3b-fd82c64254b7
719822,5574cc14-da2b-4b3f-a71a-d5f9ea2d0b48
719830,68c756c8-122a-4493-becd-ab6e5e3e292e
719842,9d469baa-ceda-4623-859a-8a3ace330a50
719850,247d1469-553f-4e74-b8cf-e2d394cf9741
719858,04c1c25d-676a-46f2-ae89-ce4b82632b40
719866,6d0a403d-eb6c-426d-b10c-92875bc534e0
719874,81492f3e-f0a0-48c1-987e-5357c45e4ec2
719882,9897fddb-051d-446a-82cc-3b010f5b44b3
719890,2794d308-86b1-4f78-9ae8-1a7d64a17528
719914,208e67fb-fe9f-455c-a7da-9004323eddf7
719918,e65209a9-016c-480d-b02f-59ea4fb5d1d1
719922,8f59eb59-19df-4507-bfa0-e7129b4d083e
719930,8b521eaa-3729-4c2d-95a8-3de5ea06ae16
719938,c191b864-761e-4087-bc15-bcd97c96d159
719946,01d8f889-2240-46ca-a635-7b9fb659bdfb
719952,fdc137e9-053b-4f21-8edf-0dad6dcb5103
719960,a688cb09-5318-485a-b2e6-a980bc82631f
719972,c6de62e7-65b7-474d-b886-4b03fab216b9
719980,03a4a77f-6ae4-4700-b80a-7c2400eb444f
719994,397ef493-fd75-48b0-8427-4f6d2d5987a7
720002,91931031-3bbd-4571-969d-fb296289db00
720014,09a2f96b-adf2-4c56-a1ce-1bc3b069ad31
720022,9c3c33da-d381-4c51-ba10-d3c973cb8122
720030,5cc9acd9-d364-4f1b-9c41-bb464ddc3d9f
720038,feec6dd2-bccd-4fb3-90b0-ea2ded0c6dfc
720046,9eda17de-52b6-4b88-b09c-8749088a5cbf
720054,3a67f6dd-f883-4bab-8fe6-2251707b1068
720066,46fbadee-126f-4f7b-99a8-db05d93c53d5
720074,4f9cca05-e07c-417a-9e79-264eb90794c6
720092,2843cb87-19f9-4cfb-8918-d030b8f1bf75
720100,7ddd4552-4f2c-442d-840a-2b9e65a076ca
720108,8f30f3f7-ea93-46fe-a8b4-e27f0c312e78
720116,51e4fc60-7ee4-4525-a610-69e3dc68fd6b
720124,eadbc0d4-3367-4829-b3bf-170aa56ee280
720138,b6cd619f-f963-4923-98da-94de1d7237ff
720146,ca03afc8-17b0-4723-8e26-2987159fe245
720154,97255b99-3bcb-4a6d-b7d4-de6086607a76
720162,896d6283-dfb1-4c54-a4db-d7d0d81df8f0
720170,c1bc2f0d-a78f-472c-9d41-a5288910e292
720178,68267fdd-d6c9-488b-91ea-0b34b274867d
720190,4f549705-4942-401b-aa81-51ad1129fa8e
720198,38cce7bc-bc46-4a50-bb55-4a6aae74d921
720202,73f8cd7a-8563-47eb-818a-cd2d5e6a2645
720210,cb12fb17-a568-4119-ab6c-70d24be224a4
720214,5eab1a51-2e9d-4a4d-b4f8-360bc089be6a
720222,5d380bb4-57cc-48a7-8d35-d41ffc621d4d
720230,2967b3af-b2d8-4b6a-8c3f-7e51e58865d1
720242,83dca329-ae93-4569-a157-9e705ef7c299
720256,7ff2355a-5a22-4a8a-a000-24286b6e1d49
720268,cf279907-1c4b-45bb-a73b-53deae4da244
720278,ed61488a-eb33-4854-9f2a-6da87af0def2
720286,f1669e8a-6170-4ded-93c7-3a48ddcb5c43
720298,c456081d-2ee9-43dd-a204-37c5c8040d9c
720310,98e03392-11b7-4bc2-8c57-64a8e4e20661
720318,968c5115-8d8c-4b57-99d1-f9e75145c9ba
720326,f5ef0a4d-06d8-44a0-b0ad-609a8c73e2fa
720334,b5997a07-d68e-4da1-94bc-cb5171bc56f6
720342,a8c754ce-7067-4cba-a4a9-6ccafa59eef9
720354,523e3690-a1c9-4949-8cc9-eefbdfcd892a
720362,ae83ac6f-c0e5-4ccc-89b9-1162741c0cbf
720370,ad935ed4-a853-40ac-8bbf-d368796bdd02
720378,7849a9d7-cc68-4545-a3ff-ed209dc9c728
720386,f0dd06ed-6dba-487c-8ad3-c8cf4f456e4f
720394,b6d9c993-4ad7-4956-b796-0a88cea7640f
720402,a4fa7067-fad0-413f-861a-5fb6826cf698
720414,81c69d1a-1627-4c4d-be36-873b800bb82b
720422,ce86f7a6-a2d4-4b0f-abca-84b55fb5a1c5
720430,60d883c6-6703-422e-810a-d6b02dfa15c8
720438,425abfc4-0667-4c46-9384-2676be9aee24
720446,5ffe594e-2eb5-4b4f-9c87-3b99af82ee77
720454,0873d2cd-0728-4b03-bea4-0abf84b3e301
720468,b1da9084-40d8-4886-b135-b39b027a4a62
720480,572a9539-f2b1-4eef-a5e2-dc84a481d20a
720492,ac9928b0-f232-4de3-9252-7ae2efa32939
720500,99c9ac07-482f-44f8-8900-8bd8445380a6
720512,b2d1d194-2db6-4106-8b19-56693692e752
720520,52ce9f55-90e8-4297-a64d-7707376bbb34
720538,ac9ef954-9ccc-47ab-8531-95ec238081b6
720546,82ed827b-03d3-44e7-bd6c-ba6ac4ad5c84
720552,aaba30db-bc69-4189-842f-8bacd1b4bebc
720560,cfe67944-3810-4eb8-b50f-885a92ac3b08
720568,21c2d4f4-baff-4ce0-b148-ca390d594a3d
720576,051b78c9-97f2-4d69-8227-7454e2fa4019
720586,7d97bf11-6dd4-4a9c-8e48-07a0d202f0d6
720590,0e187eb0-ae9f-4688-9e12-5aeb2505084c
720598,13e2265f-0011-43da-9104-d977bf98d9bd
720606,20b32506-c4cd-4f36-bde4-fad660b9155c
720614,9306c31c-dc28-4848-97a2-0a5cd5d452e2
720622,915e4cf6-e417-43ce-b82b-efe50d98d57a
720630,8c424f2f-7b4b-411b-bd9f-4c19420e11f5
720644,53c5b70c-6f33-4c3c-91de-3c4aef7d38e0
720652,8d8619bb-6900-45c4-b180-aa8f8f3ceed1
720664,a965c933-e3dd-41e2-8d7a-e5c39e0f8a89
720684,408353b9-b917-46a9-a7aa-196029c3bf3f
720692,ae40a1dd-eb64-4849-a1b2-6817fa90db67
720696,db4245b8-5942-4fd0-b6c5-ded4ca22bf22
720704,51dc938a-8f1a-40ef-8835-e8842e5823cd
720720,2aa3f619-d1dc-473d-9d66-25f2de75c05d
720728,8aaff3e2-e7c4-41fc-82ab-ded1dc8a6bae
720738,eb3eeccf-e23f-4765-b322-589566e24581
720746,df490bc0-36b0-437e-8c96-358b966e76c4
720754,90e214bd-3d11-4a0e-b9eb-ec2f4be709a8
720764,f60391f5-0bc6-4bb2-9dc3-7a157e18b2e9
720772,fc27bd2f-0946-4ae6-a62b-227f9481874b
720780,b1290c65-c1dc-47dc-b9fc-fdaf81d632ab
720790,4a3220a0-c4aa-4370-8229-33ca7e236b33
720798,0a45cbcd-5147-4685-a630-8ccacc4e7574
720806,402074ca-c2f3-4d86-9522-2af946b24bfb
720814,7bdf93e6-78e6-476b-af4c-c0aab3ecdc42
720822,ffd709ec-2a0e-428d-a4d2-dec25c2210b4
720830,37442494-ec00-4d27-8705-bc082919b32c
720846,691d8241-e9ad-40ba-acb1-8ab113d37e2b
720854,757a1d8d-80c9-46e9-9e98-705271633ae8
720862,e7298550-d078-4683-8bcf-93351c49515c
720870,6621858e-7601-4a3b-9557-69dc5591b498
720878,cb22f73b-74d1-4a5c-a6ba-8b476b808213
720892,21660187-d526-4ee3-ae11-c9c5df73db27
720900,23d951d2-f91a-4216-aba1-8a3401868a90
720908,bb423477-edbc-4fa0-a642-c32d0cf3d988
720916,ec119b5a-7e4d-42b5-9975-1e00000b44da
720924,4cb96719-e252-4fab-bcf5-4e4e4ad88d5c
720932,381b5398-06bc-46e6-9e2d-04cd9d3ee86d
720944,89b524f3-d373-416b-8a97-e81a43afbe35
720952,e8ee15ac-e642-40aa-b117-79f36f5ee8ae
720960,b10d186f-a91a-4906-bf0d-5b8a0686a178
720968,fe2c92fc-4000-472a-9709-59a55eabaa9d
720976,bea6c3b0-f6cc-421b-b5c2-77b343c1f6a1
720988,326e2ed1-5d56-4995-8089-3a5413772376
720996,fe6f0487-4329-4316-bd6e-64309eb52577
721004,a0a4994d-2c10-4514-8340-96678256ae81
721024,329c79c2-5d10-4a84-be51-0ba0fb35199c
721036,68e70827-648b-4242-a308-78ba5af0f4b3
721046,61a09f15-cba9-4e65-813b-b8fd1bf2acd8
721054,150408c6-379f-402f-bee7-d292efda0d84
721062,6f35b877-d56d-4770-b76f-2ef7d65ac608
721070,607b2bba-0cf8-432e-8b24-a21367944a62
721094,244be146-e10d-4460-b190-5631d6ec81f1
721110,61391fde-3998-4deb-861a-3e7b932c3a95
721118,1540d8c1-a081-4f58-85cc-4c9879f8d23c
721126,312c6364-9e9d-4a9e-be80-fd6ceac122f0
721134,88d5ace8-d63c-4952-aa06-98d285ce9910
721142,9d53e537-413d-4287-afe6-6334d37d1f22
721150,c11e7ff9-123c-4066-9b64-2ad0723ee173
721158,d2754391-cf38-4a05-9351-98b988f799b7
721166,df9ad664-efe0-472c-9faa-81c5200f6177
721174,e87baa8d-f808-42d4-9bbd-061cf43722ee
721182,e6d212d7-2c7b-443e-92e4-6c2b44de8b9c
721194,db32d9b2-3dc8-4c81-aab4-72010d47e384
721202,f08ec4c7-a655-41eb-9914-701ae0b8f339
721210,f47be6a2-63ab-47ae-965e-6628a5740893
721218,c9a4a23d-5dd7-432b-924e-904913bf35f5
721226,6841cbfe-f81d-46ed-89dc-a7d1b0639645
721234,7875fe9a-dcd1-4ff2-bfe4-d73e0d537ec0
721246,ace81d80-0eef-4bae-a81d-5303e419d1b6
721254,cdff9f90-10f3-4fbb-87e7-0893448f614a
721262,26b8376e-c760-4961-a9d8-29eae7ec6fdd
721270,b4668a76-dbaf-4400-8e9e-38ee3444a84c
721278,fbb85bad-4410-4296-863d-5b7925303600
721286,4be0aa39-5419-4386-9393-0f0acd6ee0b4
721296,50d4f60d-6f89-4327-b6d4-a56f3954fda5
721314,5c368cbb-a580-4710-b8a9-6f3eb388b8fa
721328,ed1a7f5c-6e03-4107-af94-bfa1509c32d7
721336,66107d5d-044b-4705-91ef-33b0da155abd
721344,b7ddc859-401c-498a-9964-d9153a217499
721352,66a139f4-45e2-4284-972c-00030966e432
721364,4dab197b-2101-4fea-a9e5-695b70954c9f
721372,1adf4a72-953e-49e9-a19a-e0ee04bb9410
721384,c934d73e-1cca-4249-b6cd-ad1b6467e9c8
721398,531fcd25-3502-41d1-810e-9ca9efa8008c
721410,cec9807f-8daf-4f0d-a941-d89a0f204732
721418,2b38a429-3388-4570-9f0a-7a43453ad9d9
721426,cdebe810-7d7d-407c-9c89-d9b3162d0d29
721434,c0015588-a65f-40f5-942f-8439f18aea74
721450,eb873499-4011-4e29-97f4-a85101a75860
721458,b6f7ea19-63b9-4dae-93d5-625b6f538dc1
721466,f0480305-8409-4e2b-a38b-25a6d6d32cc5
721474,40989b40-da64-4401-98cc-79e1a447a3a0
721486,16dc5d73-e1cc-4ca1-8835-ef40fd40217d
721498,c0290a2b-3e47-47aa-9952-ebce59f0c58e
721506,70c0f4b7-5756-4601-8a81-1392055778da
721514,551cffb1-1ae6-4866-8c17-d9c1eed42bbd
721522,ad41a72c-f551-4bb2-be4a-0d14ff0b9d51
721530,0c1f4251-de43-4025-b4e2-e13b68b60fa2
721542,c99f6fe5-1fa2-452a-a071-3d4aa4de6922
721560,b7efb4f0-a25c-49f3-88ab-2e1682542c6a
721564,ff774021-3477-444e-a96b-407cfebc0d67
721568,89219147-43da-4c13-9448-46a776bd8876
721584,1e013a12-ccab-4d37-80af-78022f761770
721600,33efcc58-fd0a-4151-8760-bde98f21a7c0
721608,5f330faf-0529-45e8-a3e2-d4d8d039f4f4
721616,6dc8f1ff-5c27-42a7-975d-0af169c898dd
721624,65b5159d-cec1-4081-b43c-2a1ee8d65a17
721636,c2709290-0976-4fe3-9842-5824e3b47df9
721644,12f909d8-97fb-4f2b-bc7a-519ac8c87b48
721656,6bde4851-df4f-4d36-ad84-b89caa8e7c85
721670,73486bc1-8d51-4c98-90e0-fedb10fdce5b
721678,03e77a27-23b1-4b98-9015-9845d08d2777
721690,2396e287-8a4f-4cb4-9200-1a7156125273
721702,6d4d9566-e7be-47a5-b4b3-9d46f322e616
721710,8c0737c0-a25b-44ec-81a1-223787b2a75b
721718,49e1bfa3-4df2-4dc5-a67e-e4cd30c525e2
721726,7993bac8-7073-4c1a-ac6e-aa99bdd75cf5
721734,450a7a43-b339-41e1-befc-16c17e0b2eb5
721742,af55c4a7-41be-4fee-82bc-eac9c18cbc3f
721750,9ee55a48-218e-43c0-b884-cc85f4988341
721764,a5dfcc4a-aa32-4fe2-bb67-a9ed0499dafd
721776,1895a6bb-9826-4963-8f93-6bcbfec3a487
721784,6ce10c0a-1746-4499-990c-ff95a12d6b61
721792,ee357a9a-6b95-49fe-bffc-60cbca13d8bf
721800,6a0958ed-1023-4a5a-b87e-a0f1f93d721a
721808,aa662fe9-156f-457b-9845-4bdcf016c585
721816,85fe5e1c-5342-464f-92e9-2360735e0f4c
721824,1b051ffc-aa17-41c7-af59-0340992ad1da
721836,d5bce433-a270-4518-ab93-ccdcca1d5693
721844,d8e6090f-a798-414e-83da-765246820738
721852,6d93707e-6743-400d-b4c0-01de9c4cb620
721860,b0f85439-e432-4aa4-bba0-81ddd5a4d142
721872,90428d77-8a08-4a6d-8029-435c37acb7a9
721876,a1b22ffc-b000-4369-b1ad-02f260ea3f17
721880,1efc505a-a93f-436f-a869-7479d1e9c065
721888,1854eefe-420b-4c0e-979b-30e6bc03bc20
721896,c3ba7138-a377-40c7-bb0c-22b54c01fbfe
721908,16204177-6330-4922-90f5-2ddd23d0380d
721916,43a04303-52e2-4d71-9349-d20976728243
721924,43205d07-1cd7-48e6-ab07-3f94c4e7f0b7
721946,1a6cbbdf-6b6b-4732-999c-272597897d6d
721956,759b92d0-13e8-4170-aa23-3798c083da67
721960,8e87369f-bebe-4d2a-8c26-19459753346b
721968,d65119c7-baa6-45a9-92a6-47fa217bc4c4
721976,8199c286-ef79-465c-ad14-8e910e7891d5
721984,9da9a716-0350-4500-a2a0-9857b81785de
721992,824dfd94-40b4-428c-be94-ce40c250e7fc
722000,c3c21571-4ca4-4638-b65c-aca34a7d42f7
722008,88d16999-a68b-40c8-b898-caacadf110b5
722022,aaa781c8-1c4b-45a8-8703-0c81fb19f583
722030,5643a6df-46d6-4557-9190-a4a93b6c9067
722038,e5bee469-4463-425a-ac29-7af059e583f2
722046,8e6f752d-568b-4775-af37-026800a3d0a0
722054,65abed35-187a-434c-9608-fe0fee421449
722062,5b6cdc47-3fdb-4e88-a1ac-688576cdd90e
722070,aa2bc50a-a9b0-40d2-b126-dd4cfa3e3092
722078,4c7394bb-b347-432e-8b44-4cd600891b5e
722086,b11e4a1b-c254-48e0-a98d-7355afd637b1
722094,fe4f8785-65cf-428a-8405-338e514600a8
722102,3e61a447-d783-4896-bec4-fa06987495c6
722110,0496355f-6151-44b3-9de8-ca9f01b9b57f
722118,4c9bf1b6-6ab3-4b13-88f7-83e6c3e645e0
722126,a69574ce-ee0d-45e6-93b3-e7df6e0e1dee
722134,dd13ea83-4d17-4aba-8318-8d31f7d7a203
722142,5017d04e-48fe-4ef2-916e-59b8ad309363
722150,5c4026c8-f0cd-4f26-a4d3-160db54447dc
722162,de372fc2-d08d-4e49-b5cd-d4e0c423606f
722170,2a38092e-b44e-4c7d-a852-18b9301cf4e5
722178,a5e11601-1491-4f87-9303-e5b22693ffaa
722190,56a8da50-bfa2-47a6-863c-66ef0f322407
722202,d2ccf252-cb64-4a73-8891-350ac24227ab
722228,f7eae127-64d9-44e7-bd2b-35925fbf5a96
722236,153496f3-889c-4f9c-b194-3b1987c57994
722244,3f30ac91-eaf6-4275-b0c7-0bf03a5943eb
722252,5748d953-ada9-49c4-9004-afa3095f1f4d
722260,9ae965ee-def7-4d30-98bf-5713b950eeaa
722268,13afda8e-bf4f-4c38-ae93-0569d8b967d4
722284,0a3f9037-b5e1-4072-8ac4-db1c3df63677
722292,c9cac47c-35d8-407a-bd18-350c30d03801
722300,c219f3e8-1de5-4b9e-b36d-0f9efd74e7b4
722312,d72782fa-5921-4c0d-bcc5-87477fca2986
722320,b46505b7-3d6c-41a9-90ed-bfa58a40bd3a
722336,0abe959d-c071-4571-b289-3e6ce8e6e3e7
722344,2aa71f43-f266-46b9-9ac7-a54bf29c39f1
722358,43ceca6a-f596-4d28-848a-945646fb7408
722366,30b07944-eb4c-424e-a943-367e9f25a89e
722374,f442e047-2c71-4da1-bc36-7d9e9f0d2964
722382,33e15388-2531-4009-bda4-d7127005376f
722390,25e3ab14-cc4d-41ba-957f-547f03c61533
722398,24e202d8-0665-43d3-9a99-4e7df995b9c1
724827,326464d7-f6a0-453f-83ea-b8d215aef9ab
735,4836b170-c078-4ed7-991e-3ff8b2a4d818
746,996b0592-18b9-4dee-b0d6-fb1a7f6c6e0f
754,ab85f702-ea85-41cd-82d9-8452bdea352c
765,f00aa881-25e7-4649-80fe-9cd61f6cd52c
767,83d51511-7ffc-454c-aa85-7736abf3681f
770,a9441e81-535b-48a0-92f4-2586c4ff1b86
785,fe5ed395-9fde-42bd-9aa3-5046ab174759
810,7f30a676-7c6a-496c-97ef-c15db6322ca3
815,bca4e82f-54eb-4256-82b1-db46a132d75e
840,cdfdd48e-3d4d-48f7-9c4f-9c087c60fc84
856,be5e62d6-e3b8-4b7d-ba7d-fc23fbc38c55
872,f2f89920-0ca7-494f-bc7c-2ce980bd607d
877,13ce4797-24fa-46a4-b2a2-0f89fb904756
917,7c9e7fc0-8389-46fa-830a-e660a98ec409
923,8d4fd09f-a665-4fde-a306-38ddc9f08262
942,5f1b164c-1878-45fc-b1b6-74bcaf5be14d
951,1e1206ea-7d66-4b1c-ab7d-64e64d21a3f0
998,a8d89e3f-0a94-4306-a3d0-d36860f429e0
